id	class_label	run_id
35988	Yes	deberta_v3_data_f
35991	Yes	deberta_v3_data_f
36029	No	deberta_v3_data_f
36043	No	deberta_v3_data_f
36063	No	deberta_v3_data_f
36071	No	deberta_v3_data_f
36132	Yes	deberta_v3_data_f
36149	Yes	deberta_v3_data_f
36173	No	deberta_v3_data_f
36214	No	deberta_v3_data_f
36235	Yes	deberta_v3_data_f
36253	Yes	deberta_v3_data_f
36257	No	deberta_v3_data_f
36284	Yes	deberta_v3_data_f
36295	No	deberta_v3_data_f
36363	No	deberta_v3_data_f
36424	No	deberta_v3_data_f
36471	No	deberta_v3_data_f
36484	No	deberta_v3_data_f
36486	No	deberta_v3_data_f
36519	Yes	deberta_v3_data_f
36535	No	deberta_v3_data_f
36599	No	deberta_v3_data_f
36671	Yes	deberta_v3_data_f
36672	Yes	deberta_v3_data_f
36680	No	deberta_v3_data_f
36684	Yes	deberta_v3_data_f
36705	Yes	deberta_v3_data_f
36707	Yes	deberta_v3_data_f
36716	No	deberta_v3_data_f
36723	Yes	deberta_v3_data_f
36740	Yes	deberta_v3_data_f
36871	No	deberta_v3_data_f
36891	No	deberta_v3_data_f
36905	No	deberta_v3_data_f
36917	No	deberta_v3_data_f
36920	No	deberta_v3_data_f
37000	No	deberta_v3_data_f
37012	No	deberta_v3_data_f
37014	No	deberta_v3_data_f
37020	Yes	deberta_v3_data_f
37033	No	deberta_v3_data_f
37072	Yes	deberta_v3_data_f
37099	No	deberta_v3_data_f
37147	Yes	deberta_v3_data_f
37158	No	deberta_v3_data_f
37183	No	deberta_v3_data_f
37184	Yes	deberta_v3_data_f
37204	No	deberta_v3_data_f
37207	No	deberta_v3_data_f
37271	No	deberta_v3_data_f
37344	No	deberta_v3_data_f
37358	No	deberta_v3_data_f
37385	No	deberta_v3_data_f
37429	No	deberta_v3_data_f
37455	Yes	deberta_v3_data_f
37464	Yes	deberta_v3_data_f
37467	No	deberta_v3_data_f
37472	Yes	deberta_v3_data_f
37491	No	deberta_v3_data_f
37516	Yes	deberta_v3_data_f
37526	Yes	deberta_v3_data_f
37564	No	deberta_v3_data_f
37568	Yes	deberta_v3_data_f
37583	Yes	deberta_v3_data_f
37591	No	deberta_v3_data_f
37620	No	deberta_v3_data_f
37626	No	deberta_v3_data_f
37684	Yes	deberta_v3_data_f
37719	No	deberta_v3_data_f
37758	No	deberta_v3_data_f
37799	No	deberta_v3_data_f
37831	Yes	deberta_v3_data_f
37832	Yes	deberta_v3_data_f
37865	No	deberta_v3_data_f
37880	Yes	deberta_v3_data_f
37909	No	deberta_v3_data_f
37921	No	deberta_v3_data_f
37937	No	deberta_v3_data_f
37970	No	deberta_v3_data_f
38006	No	deberta_v3_data_f
38042	No	deberta_v3_data_f
38145	Yes	deberta_v3_data_f
38159	Yes	deberta_v3_data_f
38172	No	deberta_v3_data_f
38177	No	deberta_v3_data_f
38180	No	deberta_v3_data_f
38195	Yes	deberta_v3_data_f
38226	No	deberta_v3_data_f
38260	Yes	deberta_v3_data_f
38287	No	deberta_v3_data_f
38293	Yes	deberta_v3_data_f
38316	No	deberta_v3_data_f
38328	Yes	deberta_v3_data_f
38329	Yes	deberta_v3_data_f
38332	Yes	deberta_v3_data_f
38337	No	deberta_v3_data_f
38598	No	deberta_v3_data_f
38620	No	deberta_v3_data_f
38654	No	deberta_v3_data_f
38719	No	deberta_v3_data_f
38728	No	deberta_v3_data_f
38753	Yes	deberta_v3_data_f
38803	No	deberta_v3_data_f
38806	No	deberta_v3_data_f
38826	No	deberta_v3_data_f
38827	No	deberta_v3_data_f
38840	No	deberta_v3_data_f
38851	No	deberta_v3_data_f
38869	No	deberta_v3_data_f
38921	No	deberta_v3_data_f
38924	Yes	deberta_v3_data_f
38942	No	deberta_v3_data_f
38976	No	deberta_v3_data_f
39000	Yes	deberta_v3_data_f
39009	No	deberta_v3_data_f
39011	Yes	deberta_v3_data_f
39020	Yes	deberta_v3_data_f
39042	No	deberta_v3_data_f
39055	No	deberta_v3_data_f
39116	No	deberta_v3_data_f
39204	No	deberta_v3_data_f
39212	No	deberta_v3_data_f
39225	Yes	deberta_v3_data_f
39249	No	deberta_v3_data_f
39255	No	deberta_v3_data_f
39284	No	deberta_v3_data_f
39286	Yes	deberta_v3_data_f
39317	No	deberta_v3_data_f
39326	No	deberta_v3_data_f
39437	No	deberta_v3_data_f
39482	No	deberta_v3_data_f
39509	Yes	deberta_v3_data_f
39513	Yes	deberta_v3_data_f
39530	No	deberta_v3_data_f
39569	No	deberta_v3_data_f
39571	No	deberta_v3_data_f
39583	No	deberta_v3_data_f
39591	No	deberta_v3_data_f
39636	No	deberta_v3_data_f
39643	No	deberta_v3_data_f
39666	No	deberta_v3_data_f
39670	Yes	deberta_v3_data_f
39701	No	deberta_v3_data_f
39744	No	deberta_v3_data_f
39745	Yes	deberta_v3_data_f
39764	No	deberta_v3_data_f
39765	No	deberta_v3_data_f
39787	No	deberta_v3_data_f
39792	No	deberta_v3_data_f
39827	Yes	deberta_v3_data_f
39864	No	deberta_v3_data_f
39866	Yes	deberta_v3_data_f
39880	Yes	deberta_v3_data_f
39894	No	deberta_v3_data_f
39903	Yes	deberta_v3_data_f
39904	Yes	deberta_v3_data_f
39926	No	deberta_v3_data_f
39963	No	deberta_v3_data_f
40020	No	deberta_v3_data_f
40023	No	deberta_v3_data_f
40055	No	deberta_v3_data_f
40062	No	deberta_v3_data_f
40069	No	deberta_v3_data_f
40087	No	deberta_v3_data_f
40092	No	deberta_v3_data_f
40106	No	deberta_v3_data_f
40155	No	deberta_v3_data_f
40160	No	deberta_v3_data_f
40187	No	deberta_v3_data_f
40220	Yes	deberta_v3_data_f
40222	No	deberta_v3_data_f
40239	Yes	deberta_v3_data_f
40241	No	deberta_v3_data_f
40257	No	deberta_v3_data_f
40262	No	deberta_v3_data_f
40330	No	deberta_v3_data_f
40340	No	deberta_v3_data_f
40344	No	deberta_v3_data_f
40353	No	deberta_v3_data_f
40413	No	deberta_v3_data_f
40467	Yes	deberta_v3_data_f
40468	No	deberta_v3_data_f
40477	Yes	deberta_v3_data_f
40517	No	deberta_v3_data_f
40531	No	deberta_v3_data_f
40536	No	deberta_v3_data_f
40549	No	deberta_v3_data_f
40554	No	deberta_v3_data_f
40586	No	deberta_v3_data_f
40588	Yes	deberta_v3_data_f
40595	No	deberta_v3_data_f
40618	No	deberta_v3_data_f
40620	No	deberta_v3_data_f
40626	No	deberta_v3_data_f
40637	Yes	deberta_v3_data_f
40647	No	deberta_v3_data_f
40668	No	deberta_v3_data_f
40670	No	deberta_v3_data_f
40675	Yes	deberta_v3_data_f
40711	No	deberta_v3_data_f
40715	No	deberta_v3_data_f
40727	Yes	deberta_v3_data_f
40736	No	deberta_v3_data_f
40740	No	deberta_v3_data_f
40762	Yes	deberta_v3_data_f
40785	No	deberta_v3_data_f
40789	No	deberta_v3_data_f
40797	Yes	deberta_v3_data_f
40800	No	deberta_v3_data_f
40806	No	deberta_v3_data_f
40828	No	deberta_v3_data_f
40833	No	deberta_v3_data_f
40839	No	deberta_v3_data_f
40842	Yes	deberta_v3_data_f
40847	No	deberta_v3_data_f
40849	No	deberta_v3_data_f
40850	No	deberta_v3_data_f
40919	No	deberta_v3_data_f
40926	No	deberta_v3_data_f
40948	No	deberta_v3_data_f
40952	No	deberta_v3_data_f
40969	No	deberta_v3_data_f
40970	No	deberta_v3_data_f
40973	No	deberta_v3_data_f
40974	No	deberta_v3_data_f
41038	No	deberta_v3_data_f
41042	No	deberta_v3_data_f
41044	No	deberta_v3_data_f
41045	No	deberta_v3_data_f
41058	No	deberta_v3_data_f
41074	Yes	deberta_v3_data_f
41109	No	deberta_v3_data_f
41122	Yes	deberta_v3_data_f
41123	No	deberta_v3_data_f
41136	No	deberta_v3_data_f
41169	No	deberta_v3_data_f
41193	No	deberta_v3_data_f
41205	No	deberta_v3_data_f
41238	No	deberta_v3_data_f
41247	No	deberta_v3_data_f
41268	Yes	deberta_v3_data_f
41276	Yes	deberta_v3_data_f
41278	Yes	deberta_v3_data_f
41281	No	deberta_v3_data_f
41313	No	deberta_v3_data_f
41320	No	deberta_v3_data_f
41353	No	deberta_v3_data_f
41358	No	deberta_v3_data_f
41376	No	deberta_v3_data_f
41416	No	deberta_v3_data_f
41432	Yes	deberta_v3_data_f
41440	No	deberta_v3_data_f
41441	No	deberta_v3_data_f
41458	Yes	deberta_v3_data_f
41469	Yes	deberta_v3_data_f
41470	Yes	deberta_v3_data_f
41490	No	deberta_v3_data_f
41526	No	deberta_v3_data_f
41529	No	deberta_v3_data_f
41567	Yes	deberta_v3_data_f
41569	No	deberta_v3_data_f
41576	No	deberta_v3_data_f
41588	No	deberta_v3_data_f
41590	Yes	deberta_v3_data_f
41595	No	deberta_v3_data_f
41600	No	deberta_v3_data_f
41616	No	deberta_v3_data_f
41617	No	deberta_v3_data_f
41619	No	deberta_v3_data_f
41647	No	deberta_v3_data_f
41658	No	deberta_v3_data_f
41665	No	deberta_v3_data_f
41687	No	deberta_v3_data_f
41703	No	deberta_v3_data_f
41760	No	deberta_v3_data_f
41778	Yes	deberta_v3_data_f
41784	No	deberta_v3_data_f
41798	No	deberta_v3_data_f
41800	No	deberta_v3_data_f
41817	No	deberta_v3_data_f
41841	Yes	deberta_v3_data_f
41848	No	deberta_v3_data_f
41852	No	deberta_v3_data_f
41861	No	deberta_v3_data_f
41862	No	deberta_v3_data_f
41864	Yes	deberta_v3_data_f
41866	No	deberta_v3_data_f
41894	No	deberta_v3_data_f
41899	No	deberta_v3_data_f
41907	No	deberta_v3_data_f
41913	No	deberta_v3_data_f
41936	No	deberta_v3_data_f
41948	No	deberta_v3_data_f
41956	No	deberta_v3_data_f
41960	Yes	deberta_v3_data_f
41974	No	deberta_v3_data_f
41975	No	deberta_v3_data_f
41989	No	deberta_v3_data_f
41995	Yes	deberta_v3_data_f
42020	Yes	deberta_v3_data_f
42025	No	deberta_v3_data_f
42054	Yes	deberta_v3_data_f
42074	No	deberta_v3_data_f
42090	No	deberta_v3_data_f
42091	No	deberta_v3_data_f
42093	No	deberta_v3_data_f
42118	No	deberta_v3_data_f
42122	No	deberta_v3_data_f
42134	No	deberta_v3_data_f
42141	Yes	deberta_v3_data_f
42144	Yes	deberta_v3_data_f
42168	No	deberta_v3_data_f
42202	No	deberta_v3_data_f
42228	No	deberta_v3_data_f
42232	No	deberta_v3_data_f
42307	No	deberta_v3_data_f
42309	No	deberta_v3_data_f
42332	Yes	deberta_v3_data_f
42335	No	deberta_v3_data_f
42341	No	deberta_v3_data_f
42349	No	deberta_v3_data_f
42355	No	deberta_v3_data_f
42356	No	deberta_v3_data_f
42399	No	deberta_v3_data_f
42408	Yes	deberta_v3_data_f
42426	No	deberta_v3_data_f
42467	Yes	deberta_v3_data_f
42473	No	deberta_v3_data_f
42489	No	deberta_v3_data_f
42492	No	deberta_v3_data_f
42532	No	deberta_v3_data_f
42534	No	deberta_v3_data_f
42536	No	deberta_v3_data_f
42541	No	deberta_v3_data_f
42545	No	deberta_v3_data_f
42558	No	deberta_v3_data_f
42569	No	deberta_v3_data_f
42571	No	deberta_v3_data_f
42580	No	deberta_v3_data_f
42585	No	deberta_v3_data_f
